Conteúdo da Mensagem; Minuta de Resposta;Assunto/Encaminhamento
Solicitação de Assessoria Jurídica, interpretação de legislação. ;"Prezado(a),

Agradecemos por entrar em contato com o Centro de Estudos Jurídicos da Presidência.

O Centro de Estudos é responsável pelo Portal da Legislação (http://www4.planalto.gov.br/legislacao), com a inserção da informação legislativa promulgada pelo Presidente da República, após publicação no Diário Oficial da União.

Esclarecemos que não dispomos de serviço de assessoria jurídica e nossa competência se restringe à disponibilização dos textos integrais dos atos normativos para que você possa pesquisar a legislação federal, por data, por termo/palavra-chave ou por tipo de ato  gratuitamente e on-line -  http://www4.planalto.gov.br/legislacao/ .

Estamos à disposição para quaisquer esclarecimentos.

Atenciosamente,";Assessoria Jurídica
Perguntas aleatórias, sem sentido, sem possibilidade de encaminhamento. ;"Prezado(a),

Agradecemos por entrar em contato com o Centro de Estudos Jurídicos da Presidência.

O Centro de Estudos é responsável pelo Portal da Legislação (http://www4.planalto.gov.br/legislacao), com a inserção da informação legislativa promulgada pelo Presidente da República, após publicação no Diário Oficial da União.

Nossa competência se restringe à disponibilização dos textos integrais dos atos normativos para que você possa pesquisar a legislação federal, por data, por termo/palavra-chave ou por tipo de ato  gratuitamente e on-line -  http://www4.planalto.gov.br/legislacao/ .

Esclarecemos que não compete ao Centro de Estudos Jurídicos da Presidência responder sobre o assunto abordado em seu e-mail.

Estamos à disposição para quaisquer esclarecimentos.

Atenciosamente,
";Assuntos Gerais
Pedidos de acesso a base de dados do Portal da Legislação completa.;"Prezado(a),

Agradecemos por entrar em contato com o Centro de Estudos Jurídicos da Presidência.

O Centro de Estudos é responsável pelo Portal da Legislação (http://www4.planalto.gov.br/legislacao), com a inserção da informação legislativa promulgada pelo Presidente da República, após publicação no Diário Oficial da União.

Esclarecemos que os dados da Legislação Federal Brasileira, mantidos pelo Centro de Estudos Jurídicos da Presidência da República, são disponibilizados para consulta pública, exclusivamente, por meio do portal: https://legislacao.presidencia.gov.br

Estamos à disposição para quaisquer esclarecimentos.

Atenciosamente,
";Portal da Legislação - Base de dados
Legislação histórica anterior a 1808;"Prezado(a),

Agradecemos por entrar em contato com o Centro de Estudos Jurídicos da Presidência.

O Centro de Estudos é responsável pelo Portal da Legislação (http://www4.planalto.gov.br/legislacao), com a inserção da informação legislativa promulgada pelo Presidente da República, após publicação no Diário Oficial da União.

Nossa competência se restringe à disponibilização dos textos integrais dos atos normativos para que você possa pesquisar a legislação federal, por data, por termo/palavra-chave ou por tipo de ato  gratuitamente e on-line -  http://www4.planalto.gov.br/legislacao/ .

Esclarecemos que a legislação histórica disponível no portal abrange o período imperial brasileiro, iniciado em 1808. Documentos que possuem datas anteriores, referentes ao período colonial, devem ser pesquisados em arquivos públicos nacionais, estaduais ou municipais. Para informações adicionais, sugerimos entrar em contato com o Arquivo Nacional por meio do FalaBR - https://falabr.cgu.gov.br/publico/Manifestacao/SelecionarTipoManifestacao.aspx?ReturnUrl=%2f

Estamos à disposição para quaisquer esclarecimentos.

Atenciosamente,

";Legislação Histórica
Interpretação de Legislação, Lei, Decreto, etc.;"Prezado(a),

Agradecemos por entrar em contato com o Centro de Estudos Jurídicos da Presidência.

O Centro de Estudos é responsável pelo Portal da Legislação (http://www4.planalto.gov.br/legislacao), com a inserção da informação legislativa promulgada pelo Presidente da República, após publicação no Diário Oficial da União.

Nossa competência se restringe à disponibilização dos textos integrais dos atos normativos para que você possa pesquisar a legislação federal, por data, por termo/palavra-chave ou por tipo de ato  gratuitamente e on-line -  http://www4.planalto.gov.br/legislacao/ .

Esclarecemos que o Centro de Estudos Jurídicos da Presidência não tem como função a interpretação de atos normativos. Sugerimos buscar uma assessoria jurídica ou consultar um advogado especialista.

Estamos à disposição para quaisquer esclarecimentos.

Atenciosamente,
";Interpretação de Atos
Defesa do consumidor, processo, reclamação. ;"Prezado(a),

Agradecemos por entrar em contato com o Centro de Estudos Jurídicos da Presidência.

O Centro de Estudos é responsável pelo Portal da Legislação (http://www4.planalto.gov.br/legislacao), com a inserção da informação legislativa promulgada pelo Presidente da República, após publicação no Diário Oficial da União.

Nossa competência se restringe à disponibilização dos textos integrais dos atos normativos para que você possa pesquisar a legislação federal, por data, por termo/palavra-chave ou por tipo de ato  gratuitamente e on-line -  http://www4.planalto.gov.br/legislacao/ .

Esclarecemos que não compete ao Centro de Estudos Jurídicos da Presidência responder sobre o assunto abordado em seu e-mail e sugerimos que você entre em contato com o Instituto de Defesa do Consumidor (Procon) de sua região.

Estamos à disposição para quaisquer esclarecimentos.

Atenciosamente,
";Procon
Ministério do Desenvolvimento e Assistência Social, Família e Combate à Fome (MDS). Bolsa Família, cadastro único, cesta básica, etc ;"Prezado(a),

Agradecemos por entrar em contato com o Centro de Estudos Jurídicos da Presidência.

O Centro de Estudos é responsável pelo Portal da Legislação (http://www4.planalto.gov.br/legislacao), com a inserção da informação legislativa promulgada pelo Presidente da República, após publicação no Diário Oficial da União.

Nossa competência se restringe à disponibilização dos textos integrais dos atos normativos para que você possa pesquisar a legislação federal, por data, por termo/palavra-chave ou por tipo de ato  gratuitamente e on-line -  http://www4.planalto.gov.br/legislacao/ .

Esclarecemos que não compete ao Centro de Estudos Jurídicos da Presidência responder sobre o assunto abordado em seu e-mail e sugerimos que entre em contato diretamente com o Ministério do Desenvolvimento e Assistência Social, Família e Combate à Fome por meio dos canais de atendimento indicados no link: https://www.gov.br/mds/pt-br/acesso-a-informacao/participacao-social/fale-conosco

Estamos à disposição para quaisquer esclarecimentos.

Atenciosamente,
"; Ministério do Desenvolvimento e Assistência Social, Família e Combate à Fome
Projeto de Lei em tramitação,  solicitação de criação ou  alteração de leis.;"Prezado(a),

Agradecemos por entrar em contato com o Centro de Estudos Jurídicos da Presidência.

O Centro de Estudos é responsável pelo Portal da Legislação (http://www4.planalto.gov.br/legislacao), com a inserção da informação legislativa promulgada pelo Presidente da República, após publicação no Diário Oficial da União.

Nossa competência se restringe à disponibilização dos textos integrais dos atos normativos para que você possa pesquisar a legislação federal, por data, por termo/palavra-chave ou por tipo de ato  gratuitamente e on-line -  http://www4.planalto.gov.br/legislacao/ .

Esclarecemos que não compete ao Centro de Estudos Jurídicos da Presidência responder sobre o assunto abordado em seu e-mail e sugerimos que entre em contato diretamente com a Câmara dos Deputados por meio dos canais de atendimento indicados: https://www2.camara.leg.br/transparencia/servicos-ao-cidadao/atendimento-e-relacionamento-com-o-cidadao ou pesquisar na página Propostas Legislativas da Câmara dos Deputados - https://www.camara.leg.br/busca-portal/proposicoes/pesquisa-simplificada

Estamos à disposição para quaisquer esclarecimentos.

Atenciosamente,
";Câmara dos Deputados
Revogação de Ato;"Agradecemos por entrar em contato com o Centro de Estudos Jurídicos da Presidência.

Esclarecemos que, após realização de pesquisa em nossa base, não foi localizada revogação expressa para o Decreto nº 908, de 31 de agosto de 1993.

O Centro de Estudos é responsável pelo Portal da Legislação (http://www4.planalto.gov.br/legislacao), com a inserção da informação legislativa promulgada pelo Presidente da República, após publicação no Diário Oficial da União.

Nossa competência se restringe à disponibilização dos textos integrais dos atos normativos para que você possa pesquisar a legislação federal, por data, por termo/palavra-chave ou por tipo de ato  gratuitamente e on-line -  http://www4.planalto.gov.br/legislacao/ .

Estamos à disposição para quaisquer esclarecimentos.

Atenciosamente,
";Revogação de Ato
Vigilância Sanitária;"Prezado(a),

Agradecemos por entrar em contato com o Centro de Estudos Jurídicos da Presidência.

O Centro de Estudos é responsável pelo Portal da Legislação (http://www4.planalto.gov.br/legislacao), com a inserção da informação legislativa promulgada pelo Presidente da República, após publicação no Diário Oficial da União.

Nossa competência se restringe à disponibilização dos textos integrais dos atos normativos para que você possa pesquisar a legislação federal, por data, por termo/palavra-chave ou por tipo de ato  gratuitamente e on-line - http://www4.planalto.gov.br/legislacao/ .

Esclarecemos que não compete ao Centro de Estudos Jurídicos da Presidência responder sobre o assunto abordado em seu e-mail e sugerimos que entre em contato diretamente com a Agência Nacional de Vigilância Sanitária - Anvisa por meio do canal FALA.BR: https://falabr.cgu.gov.br/publico/Manifestacao/SelecionarTipoManifestacao.aspx?ReturnUrl=%2f.

Estamos à disposição para quaisquer esclarecimentos.

Atenciosamente,
";ANVISA
Manual de Redação Oficial, ;"Prezado(a),

Agradecemos por entrar em contato com o Centro de Estudos Jurídicos da Presidência.

Esclarecemos que o Manual de Redação da Presidência da República não tem a função de normatizar. Trata-se de uma ferramenta teórico-referencial, que permite maior clareza e padronização na produção dos atos de comunicação oficial.

Já o decreto n. 9.758, de 11 de abril de 2019, que dispõe sobre a forma de tratamento e de endereçamento nas comunicações com agentes públicos da administração pública federal encontra-se vigente e deve ser observado/seguido pela administração pública.

Estamos à disposição para quaisquer esclarecimentos.

Atenciosamente,
";Decreto N. 9.758
Solicitação do Manual de Redação impresso;"Prezado(a),

Agradecemos por entrar em contato com o Centro de Estudos Jurídicos da Presidência.

O Centro de Estudos é responsável pelo Portal da Legislação (http://www4.planalto.gov.br/legislacao), com a inserção da informação legislativa promulgada pelo Presidente da República, após publicação no Diário Oficial da União. Nossa competência se restringe à disponibilização dos textos integrais dos atos normativos para que você possa pesquisar a legislação federal, por data, por termo/palavra-chave ou por tipo de ato  gratuitamente e on-line -  http://www4.planalto.gov.br/legislacao/ .

Esclarecemos que não realizamos a distribuição do Manual de Redação da Presidência da República impresso e a versão on line (.pdf) está disponível para utilização ou impressão, no seguinte endereço: http://www4.planalto.gov.br/centrodeestudos/assuntos/manual-de-redacao-da-presidencia-da-republica

Estamos à disposição para quaisquer esclarecimentos.

Atenciosamente,
";Manual de Redação
Solicitação  de material impresso;"
Prezado(a),

Agradecemos por entrar em contato com o Centro de Estudos Jurídicos da Presidência.

O Centro de Estudos é responsável pelo Portal da Legislação (http://www4.planalto.gov.br/legislacao), com a inserção da informação legislativa promulgada pelo Presidente da República, após publicação no Diário Oficial da União. Nossa competência se restringe à disponibilização dos textos integrais dos atos normativos para que você possa pesquisar a legislação federal, por data, por termo/palavra-chave ou por tipo de ato  gratuitamente e on-line -  http://www4.planalto.gov.br/legislacao/ .

Esclarecemos que não compete ao Centro de Estudos Jurídicos da Presidência realizar a distribuição dos materiais impressos solicitados. Informamos, ainda, que a Editora do Senado Federal comercializa a publicação impressa da Constituição e de outros Códigos a preço de custo pela sua livraria. Caso tenha interesse, visite o site:  https://livraria.senado.leg.br/

Estamos à disposição para quaisquer esclarecimentos.

Atenciosamente,

";Impressos
Sistema PUSH cadastramento;"Prezado(a),

Agradecemos por entrar em contato com o Centro de Estudos Jurídicos da Presidência.

O Centro de Estudos é responsável pelo Portal da Legislação (http://www4.planalto.gov.br/legislacao), com a inserção da informação legislativa promulgada pelo Presidente da República, após publicação no Diário Oficial da União. Nossa competência se restringe à disponibilização dos textos integrais dos atos normativos para que você possa pesquisar a legislação federal, por data, por termo/palavra-chave ou por tipo de ato  gratuitamente e on-line.

Para acompanhar a disponibilização dos novos atos normativos federais no Portal da Legislação basta cadastrar seu endereço de e-mail no Sistema PUSH - http://www.saj.planalto.gov.br/saj/Boletins.nsf/frmInscricaoWeb?OpenForm -, que encaminha automaticamente uma mensagem com os atos normativos disponibilizados no dia. Após realizar seu cadastro, você receberá uma mensagem do sistema para a confirmação de sua conta de e-mail. Caso não realize a confirmação, o Sistema PUSH não encaminhará as atualizações normativas.

Alertamos que uma parte significativa dos casos de não recebimento da mensagem encaminhada pelo Sistema PUSH decorre de configurações anti-spam da caixa de entrada do e-mail dos usuários. Caso não esteja recebendo, verifique sua caixa de spam e cadastre o e-mail sistema.push@saj.planalto.gov.br na lista de recebimento seguro da sua caixa de entrada.

Estamos à disposição para quaisquer esclarecimentos.

Atenciosamente,
";Sistema Push
Sistema PUSH, erro no cadastramento, orientações.;"Prezado(a),

Agradecemos por entrar em contato com o Centro de Estudos Jurídicos da Presidência.

Informamos que após o recebimento de sua mensagem realizamos teste de cadastramento no Push e verificamos que o sistema encontra-se funcionando. Pedimos realizar nova tentativa de cadastramento observando as seguintes orientações:

1. Para acompanhar novos atos normativos federais disponibilizados no Portal basta cadastrar seu endereço de e-mail no Sistema PUSH - http://www.saj.planalto.gov.br/saj/Boletins.nsf/frmInscricaoWeb?OpenForm -, que encaminha automaticamente uma mensagem com os atos normativos disponibilizados no dia.

2. Ao se cadastrar, você receberá uma mensagem do sistema para a confirmação de sua conta de e-mail. Caso não realize a confirmação, o Sistema PUSH não encaminhará as atualizações normativas.

3. Alertamos que uma parte significativa dos casos de não recebimento da mensagem encaminhada pelo Sistema PUSH decorre da configurações anti-spam da caixa de entrada do e-mail dos usuários. Caso não esteja recebendo, verifique sua caixa de spam e cadastre o e-mail sistema.push@saj.planalto.gov.br na lista de recebimento seguro da sua caixa de entrada.

4. Pedimos que durante a nova tentativa de cadastramento seja confirmando o recebimento da mensagem de e-mail, inclusive com verificação na caixa de spam.

5. Caso, durante o processo de cadastramento, retorne alguma mensagem de erro do sistema, solicitamos fazer um print da tela e nos encaminhar para verificação.

Estamos à disposição para quaisquer esclarecimentos.

Atenciosamente,


Atenciosamente,

";Sistema Push
Atualização e correção de texto legislativo;"Prezado(a),

Informamos que o texto já foi atualizado conforme sugerido e lembramos que é necessário pressionar a tecla F5 em seu teclado para verificar o texto com as alterações efetuadas.

Agradecemos por entrar em contato com o Centro de Estudos Jurídicos da Presidência e por sua colaboração na melhoria de nossos serviços.

Estamos à disposição para quaisquer esclarecimentos.

Atenciosamente,
";Portal da Legislação
Solicitação de textos de projetos de lei;"Prezado(a),

Agradecemos por entrar em contato com o Centro de Estudos Jurídicos da Presidência.

O Centro de Estudos é responsável pelo Portal da Legislação (http://www4.planalto.gov.br/legislacao), com a inserção da informação legislativa promulgada pelo Presidente da República, após publicação no Diário Oficial da União.

Nossa competência se restringe à disponibilização dos textos integrais dos atos normativos para que você possa pesquisar a legislação federal, por data, por termo/palavra-chave ou por tipo de ato  gratuitamente e on-line -  http://www4.planalto.gov.br/legislacao/ .

Esclarecemos que você pode encontrar informações sobre projetos de lei acessando a área de pesquisa do Portal da Câmara dos Deputados - https://www.camara.leg.br/busca-portal/proposicoes/pesquisa-simplificada

Estamos à disposição para quaisquer esclarecimentos.

Atenciosamente,
";Câmara dos Deputados
Censo, IBGE;"Prezado(a),

Agradecemos por entrar em contato com o Centro de Estudos Jurídicos da Presidência.

O Centro de Estudos é responsável pelo Portal da Legislação (http://www4.planalto.gov.br/legislacao), com a inserção da informação legislativa promulgada pelo Presidente da República, após publicação no Diário Oficial da União.

Nossa competência se restringe à disponibilização dos textos integrais dos atos normativos para que você possa pesquisar a legislação federal, por data, por termo/palavra-chave ou por tipo de ato  gratuitamente e on-line - http://www4.planalto.gov.br/legislacao/ .

Esclarecemos que não compete ao Centro de Estudos Jurídicos da Presidência responder sobre o assunto abordado em seu e-mail e sugerimos que entre em contato diretamente com o Instituto Brasileiro de Geografia e Estatística  IBGE por meio do endereço:  https://www.ibge.gov.br/atendimento.html

Estamos à disposição para quaisquer esclarecimentos.

Atenciosamente,
";IBGE
Reclamação sobre bancos e financeiras , Banco Central.;"Prezado(a),

Agradecemos por entrar em contato com o Centro de Estudos Jurídicos da Presidência.

O Centro de Estudos é responsável pelo Portal da Legislação (http://www4.planalto.gov.br/legislacao), com a inserção da informação legislativa promulgada pelo Presidente da República, após publicação no Diário Oficial da União.

Nossa competência se restringe à disponibilização dos textos integrais dos atos normativos para que você possa pesquisar a legislação federal, por data, por termo/palavra-chave ou por tipo de ato  gratuitamente e on-line - http://www4.planalto.gov.br/legislacao/ .

Esclarecemos que não compete ao Centro de Estudos Jurídicos da Presidência responder sobre o assunto abordado em seu e-mail e sugerimos que entre em contato diretamente com o Banco Central do Brasil por meio do endereço:  https://www.bcb.gov.br/meubc/faleconosco

Estamos à disposição para quaisquer esclarecimentos.

Atenciosamente,
";Banco Central
Dúvida sobre normas, pedido de assessoria jurídica, interpretação de leis e decretos. OAB, Advogados, Defensoria Pública ou Ministério Público;"Prezado(a),

Agradecemos por entrar em contato com o Centro de Estudos Jurídicos da Presidência.

O Centro de Estudos é responsável pelo Portal da Legislação (http://www4.planalto.gov.br/legislacao), com a inserção da informação legislativa promulgada pelo Presidente da República, após publicação no Diário Oficial da União.

Nossa competência se restringe à disponibilização dos textos integrais dos atos normativos para que você possa pesquisar a legislação federal, por data, por termo/palavra-chave ou por tipo de ato  gratuitamente e on-line - http://www4.planalto.gov.br/legislacao/ .

Esclarecemos que não compete ao Centro de Estudos Jurídicos da Presidência interpretar atos normativos ou prestar qualquer tipo de assessoria jurídica. Sugerimos que consulte um advogado especialista ou a Defensoria Pública ou o Ministério Público da sua região, conforme o caso, para obter o devido auxílio jurídico.

Estamos à disposição para quaisquer esclarecimentos.

Atenciosamente,
";Assessoria Jurídica
CPF, Imposto de Renda, e-cac,  aduana, evasão de divisas, CNPj, IPI, Simples. Receita Federal;"Prezado(a),

Agradecemos por entrar em contato com o Centro de Estudos Jurídicos da Presidência.

O Centro de Estudos é responsável pelo Portal da Legislação (http://www4.planalto.gov.br/legislacao), com a inserção da informação legislativa promulgada pelo Presidente da República, após publicação no Diário Oficial da União.

Nossa competência se restringe à disponibilização dos textos integrais dos atos normativos para que você possa pesquisar a legislação federal, por data, por termo/palavra-chave ou por tipo de ato  gratuitamente e on-line.

Esclarecemos que não compete ao Centro de Estudos Jurídicos da Presidência responder sobre o assunto abordado em seu e-mail e sugerimos que entre em contato diretamente com a Receita Federal do Brasil por meio do canal FALA.BR: https://falabr.cgu.gov.br/publico/Manifestacao/SelecionarTipoManifestacao.aspx?ReturnUrl=%2f ou pelo canal institucional Fale Conosco  - https://www.gov.br/receitafederal/pt-br/canais_atendimento/fale-conosco/cidadao ou https://www.gov.br/receitafederal/pt-br/canais_atendimento/fale-conosco/empresa/cnpj

Estamos à disposição para quaisquer esclarecimentos.

Atenciosamente,

";Receita Federal
Carteira de pesca, fiscalização pesca, aquicultura, criação de peixes. Ministério da Pesca e Aquicultura;"Prezado(a),

Agradecemos por entrar em contato com o Centro de Estudos Jurídicos da Presidência.

O Centro de Estudos é responsável pelo Portal da Legislação (http://www4.planalto.gov.br/legislacao), com a inserção da informação legislativa promulgada pelo Presidente da República, após publicação no Diário Oficial da União.

Nossa competência se restringe à disponibilização dos textos integrais dos atos normativos para que você possa pesquisar a legislação federal, por data, por termo/palavra-chave ou por tipo de ato  gratuitamente e on-line.

Esclarecemos que não compete ao Centro de Estudos Jurídicos da Presidência responder sobre o assunto abordado em seu e-mail e sugerimos que entre em contato diretamente com o Ministério da Pesca e Aquicultura por meio do canal FALA.BR: https://falabr.cgu.gov.br/publico/Manifestacao/SelecionarTipoManifestacao.aspx?ReturnUrl=%2f

Estamos à disposição para quaisquer esclarecimentos.

Atenciosamente,
";Ministério da Pesca
Emissão e renovação de passaporte, imigração, ;"Prezado(a),

Agradecemos por entrar em contato com o Centro de Estudos Jurídicos da Presidência.

O Centro de Estudos é responsável pelo Portal da Legislação (http://www4.planalto.gov.br/legislacao), com a inserção da informação legislativa promulgada pelo Presidente da República, após publicação no Diário Oficial da União.

Nossa competência se restringe à disponibilização dos textos integrais dos atos normativos para que você possa pesquisar a legislação federal, por data, por termo/palavra-chave ou por tipo de ato  gratuitamente e on-line.

Esclarecemos que não compete ao Centro de Estudos Jurídicos da Presidência responder sobre o assunto abordado em seu e-mail e sugerimos que entre em contato diretamente com a Policia Federal por meio do canal FALA.BR: https://falabr.cgu.gov.br/publico/Manifestacao/SelecionarTipoManifestacao.aspx?ReturnUrl=%2f

Estamos à disposição para quaisquer esclarecimentos.

Atenciosamente,
";Polícia Federal
FIES, Enem, Prouni, INEP, ENCCEJA, CAPES, FNDE, AVAMEC, Encceja, Educação básica, educação superior, educação profissional e tecnologica. ;"Prezado(a),

Agradecemos por entrar em contato com o Centro de Estudos Jurídicos da Presidência.

O Centro de Estudos é responsável pelo Portal da Legislação (http://www4.planalto.gov.br/legislacao), com a inserção da informação legislativa promulgada pelo Presidente da República, após publicação no Diário Oficial da União.

Nossa competência se restringe à disponibilização dos textos integrais dos atos normativos para que você possa pesquisar a legislação federal, por data, por termo/palavra-chave ou por tipo de ato  gratuitamente e on-line.

Esclarecemos que não compete ao Centro de Estudos Jurídicos da Presidência responder sobre o assunto abordado em seu e-mail e sugerimos que entre em contato diretamente com o Ministério da Educação por meio do linK: https://www.gov.br/mec/pt-br/canais_atendimento/fale-conosco

Estamos à disposição para quaisquer esclarecimentos.

Atenciosamente,

";Ministério da Educação
INSS e Ministério da Previdência Social. Aposentadoria, Pis, Pasep, afastamento, ;"Prezado(a),

Agradecemos por entrar em contato com o Centro de Estudos Jurídicos da Presidência.

O Centro de Estudos é responsável pelo Portal da Legislação (http://www4.planalto.gov.br/legislacao), com a inserção da informação legislativa promulgada pelo Presidente da República, após publicação no Diário Oficial da União.

Nossa competência se restringe à disponibilização dos textos integrais dos atos normativos para que você possa pesquisar a legislação federal, por data, por termo/palavra-chave ou por tipo de ato  gratuitamente e on-line.

Esclarecemos que não compete ao Centro de Estudos Jurídicos da Presidência responder sobre o assunto abordado em seu e-mail e sugerimos que entre em contato diretamente com o Ministério da Previdência Social por meio do canal FALA.BR: https://falabr.cgu.gov.br/publico/Manifestacao/SelecionarTipoManifestacao.aspx?ReturnUrl=%2f

Estamos à disposição para quaisquer esclarecimentos.

Atenciosamente,";Ministério da Previdência
Mulheres, igualdade de gênero, misoginia,  feminicídio.;"Prezado(a),

Agradecemos por entrar em contato com o Centro de Estudos Jurídicos da Presidência.

O Centro de Estudos é responsável pelo Portal da Legislação (http://www4.planalto.gov.br/legislacao), com a inserção da informação legislativa promulgada pelo Presidente da República, após publicação no Diário Oficial da União.

Nossa competência se restringe à disponibilização dos textos integrais dos atos normativos para que você possa pesquisar a legislação federal, por data, por termo/palavra-chave ou por tipo de ato  gratuitamente e on-line.

Esclarecemos que não compete ao Centro de Estudos Jurídicos da Presidência responder sobre o assunto abordado em seu e-mail e sugerimos que entre em contato diretamente com o Ministério das Mulheres por meio dos canais disponíveis no link: https://www.gov.br/mulheres/pt-br

Estamos à disposição para quaisquer esclarecimentos.

Atenciosamente,";Ministério das Mulheres
Infraestrutura rodoviária, rodovias federais, trsnportes.;"Prezado(a),

Agradecemos por entrar em contato com o Centro de Estudos Jurídicos da Presidência.

O Centro de Estudos é responsável pelo Portal da Legislação (http://www4.planalto.gov.br/legislacao), com a inserção da informação legislativa promulgada pelo Presidente da República, após publicação no Diário Oficial da União.

Nossa competência se restringe à disponibilização dos textos integrais dos atos normativos para que você possa pesquisar a legislação federal, por data, por termo/palavra-chave ou por tipo de ato  gratuitamente e on-line.

Esclarecemos que não compete ao Centro de Estudos Jurídicos da Presidência responder sobre o assunto abordado em seu e-mail e sugerimos que entre em contato diretamente com a Ouvidoria do Departamento Nacional de Infraestrutura de Transportes (DNIT) por meio dos canais disponíveis no link: https://www.gov.br/dnit/pt-br/composicao/orgaos-vinculados/ouvidoria

Estamos à disposição para quaisquer esclarecimentos.

Atenciosamente,";DNIT
Manual de Redação, despacho, memorando, aviso atualização, padrão oficio.;"Prezado(a),

Agradecemos por entrar em contato com o Centro de Estudos Jurídicos da Presidência.

Informamos que o Manual de Redação da Presidência da República não utiliza a terminologia despacho e orienta  que seja utilizado o padrão oficio, como destacado abaixo:

Até a segunda edição deste Manual, havia três tipos de expedientes que se diferenciavam antes pela finalidade do que pela forma: o ofício, o aviso e o memorando. Com o objetivo de uniformizá-los, deve-se adotar nomenclatura e diagramação únicas, que sigam o que chamamos de padrão ofício. A distinção básica anterior entre os três era: a) aviso: era expedido exclusivamente por Ministros de Estado, para autoridades de mesma hierarquia; b) ofício: era expedido para e pelas demais autoridades; e c) memorando: era expedido entre unidades administrativas de um mesmo órgão.  Atenção: Nesta nova edição ficou abolida aquela distinção e passou-se a utilizar o termo ofício nas três hipóteses. (p.27)

Esclarecemos, ainda, que o Manual de Redação da Presidência da República não tem a função de normatizar. Trata-se de uma ferramenta teórico-referencial, que permite maior clareza e padronização na produção dos atos de comunicação oficial.

Estamos à disposição para quaisquer esclarecimentos.

Atenciosamente,


";Manual de Redação
Intercâmbio SAJ;"Prezado(a),

Agradecemos por entrar em contato com o Centro de Estudos Jurídicos da Presidência.

Em atenção ao seu pedido informamos que não há previsão para publicação do próximo edital do Programa de Intercâmbio.

Estamos à disposição para quaisquer esclarecimentos.

Atenciosamente,
";Intercâmbio
Telecomunicações;"Prezado(a),

Agradecemos por entrar em contato com o Centro de Estudos Jurídicos da Presidência.

O Centro de Estudos é responsável pelo Portal da Legislação (http://www4.planalto.gov.br/legislacao), com a inserção da informação legislativa promulgada pelo Presidente da República, após publicação no Diário Oficial da União.

Nossa competência se restringe à disponibilização dos textos integrais dos atos normativos para que você possa pesquisar a legislação federal, por data, por termo/palavra-chave ou por tipo de ato  gratuitamente e on-line - http://www4.planalto.gov.br/legislacao/ .

Esclarecemos que não compete ao Centro de Estudos Jurídicos da Presidência responder sobre o assunto abordado em seu e-mail e sugerimos que entre em contato diretamente com a Agência Nacional de Telecomunicações - Anatel por meio do  linK: https://www.gov.br/anatel/pt-br/canais_atendimento

Estamos à disposição para quaisquer esclarecimentos.

Atenciosamente,";Anatel
Multas de Trânsito, registro e licenciamento de veículos, emplacamento.;"Prezado(a),

Agradecemos por entrar em contato com o Centro de Estudos Jurídicos da Presidência.

O Centro de Estudos é responsável pelo Portal da Legislação (http://www4.planalto.gov.br/legislacao), com a inserção da informação legislativa promulgada pelo Presidente da República, após publicação no Diário Oficial da União.

Nossa competência se restringe à disponibilização dos textos integrais dos atos normativos para que você possa pesquisar a legislação federal, por data, por termo/palavra-chave ou por tipo de ato  gratuitamente e on-line -  http://www4.planalto.gov.br/legislacao/ .

Esclarecemos que não compete ao Centro de Estudos Jurídicos da Presidência responder sobre o assunto abordado em seu e-mail. Sugerimos entrar em contato com o Departamento de Trânsito - DETRAN de sua unidade federativa.

Estamos à disposição para quaisquer esclarecimentos.

Atenciosamente,";Detran
Agricultura, Pecuária, registro de alimentos, insumos.;"Prezado(a),

Agradecemos por entrar em contato com o Centro de Estudos Jurídicos da Presidência.

O Centro de Estudos é responsável pelo Portal da Legislação (http://www4.planalto.gov.br/legislacao), com a inserção da informação legislativa promulgada pelo Presidente da República, após publicação no Diário Oficial da União.

Nossa competência se restringe à disponibilização dos textos integrais dos atos normativos para que você possa pesquisar a legislação federal, por data, por termo/palavra-chave ou por tipo de ato  gratuitamente e on-line.

Esclarecemos que não compete ao Centro de Estudos Jurídicos da Presidência responder sobre o assunto abordado em seu e-mail e sugerimos que entre em contato diretamente com o Ministério da Agricultura e Pecuária por meio do canal FALA.BR: https://falabr.cgu.gov.br/publico/Manifestacao/SelecionarTipoManifestacao.aspx?ReturnUrl=%2f

Estamos à disposição para quaisquer esclarecimentos.

Atenciosamente,
";Ministério da Agricultura e Pecuária
Carteira de Trabalho, Jovem Aprendiz, normas NR, segurança do trabalho, SIRPWEB .;"Prezado(a),

Agradecemos por entrar em contato com o Centro de Estudos Jurídicos da Presidência.

O Centro de Estudos é responsável pelo Portal da Legislação (http://www4.planalto.gov.br/legislacao), com a inserção da informação legislativa promulgada pelo Presidente da República, após publicação no Diário Oficial da União.

Nossa competência se restringe à disponibilização dos textos integrais dos atos normativos para que você possa pesquisar a legislação federal, por data, por termo/palavra-chave ou por tipo de ato  gratuitamente e on-line.

Esclarecemos que não compete ao Centro de Estudos Jurídicos da Presidência responder sobre o assunto abordado em seu e-mail e sugerimos que entre em contato diretamente com o Ministério do Trabalho e Emprego por meio do canal FALA.BR: https://falabr.cgu.gov.br/publico/Manifestacao/SelecionarTipoManifestacao.aspx?ReturnUrl=%2f

Estamos à disposição para quaisquer esclarecimentos.

Atenciosamente,
";Ministério do Trabalho e Emprego (MTE)
FGTS;"Prezado(a),

Agradecemos por entrar em contato com o Centro de Estudos Jurídicos da Presidência.

O Centro de Estudos é responsável pelo Portal da Legislação (http://www4.planalto.gov.br/legislacao), com a inserção da informação legislativa promulgada pelo Presidente da República, após publicação no Diário Oficial da União.

Nossa competência se restringe à disponibilização dos textos integrais dos atos normativos para que você possa pesquisar a legislação federal, por data, por termo/palavra-chave ou por tipo de ato  gratuitamente e on-line.

Esclarecemos que não compete ao Centro de Estudos Jurídicos da Presidência responder sobre o assunto abordado em seu e-mail e sugerimos que entre em contato diretamente com a Ouvidoria da Caixa Econômica Federal por meio do canal FALA.BR: https://falabr.cgu.gov.br/publico/Manifestacao/SelecionarTipoManifestacao.aspx?ReturnUrl=%2f  ou diretamente pelos canais indicados no Portal Institucional - https://www.caixa.gov.br/faleconosco/Paginas/default.aspx

Estamos à disposição para quaisquer esclarecimentos.

Atenciosamente,
";Caixa Econômica Federal
Direitos humanos, Criança, adolescente, idoso, LGBTQIA+, ;"Prezado(a),

Agradecemos por entrar em contato com o Centro de Estudos Jurídicos da Presidência.

O Centro de Estudos é responsável pelo Portal da Legislação (http://www4.planalto.gov.br/legislacao), com a inserção da informação legislativa promulgada pelo Presidente da República, após publicação no Diário Oficial da União.

Nossa competência se restringe à disponibilização dos textos integrais dos atos normativos para que você possa pesquisar a legislação federal, por data, por termo/palavra-chave ou por tipo de ato  gratuitamente e on-line.

Esclarecemos que não compete ao Centro de Estudos Jurídicos da Presidência responder sobre o assunto abordado em seu e-mail e sugerimos que entre em contato diretamente com o Ministério dos Direitos Humanos e da Cidadania por meio do canal FALA.BR: https://falabr.cgu.gov.br/publico/Manifestacao/SelecionarTipoManifestacao.aspx?ReturnUrl=%2f  ou pelos contatos disponíveis no Portal Institucional - https://www.gov.br/mdh/pt-br/composicao/quem-e-quem

Estamos à disposição para quaisquer esclarecimentos.

Atenciosamente,
";Ministério dos Direitos Humanos e da Cidadania (MDHC)
Bolsa Atleta, esportes.;"Prezado(a),

Agradecemos por entrar em contato com o Centro de Estudos Jurídicos da Presidência.

O Centro de Estudos é responsável pelo Portal da Legislação (http://www4.planalto.gov.br/legislacao), com a inserção da informação legislativa promulgada pelo Presidente da República, após publicação no Diário Oficial da União.

Nossa competência se restringe à disponibilização dos textos integrais dos atos normativos para que você possa pesquisar a legislação federal, por data, por termo/palavra-chave ou por tipo de ato  gratuitamente e on-line.

Esclarecemos que não compete ao Centro de Estudos Jurídicos da Presidência responder sobre o assunto abordado em seu e-mail e sugerimos que entre em contato diretamente com o Ministério do Esporte por meio dos canais Institucionais: https://www.gov.br/esporte/pt-br/canais_atendimento/ouvidoria

Estamos à disposição para quaisquer esclarecimentos.

Atenciosamente,
";Ministério do Esporte
Aplicativo, APP;"Prezado(a),

Agradecemos por entrar em contato com o Centro de Estudos Jurídicos da Presidência.

O Centro de Estudos é responsável pelo Portal da Legislação (http://www4.planalto.gov.br/legislacao), com a inserção da informação legislativa promulgada pelo Presidente da República, após publicação no Diário Oficial da União.

Nossa competência se restringe à disponibilização dos textos integrais dos atos normativos para que você possa pesquisar a legislação federal, por data, por termo/palavra-chave ou por tipo de ato  gratuitamente e on-line -  http://www4.planalto.gov.br/legislacao/ .

Em relação ao aplicativo Planalto Legis, informamos que nossa equipe de Tecnologia da Informação (TI) foi informada sobre a dificuldade de instalação relatada por alguns usuários e já iniciou os procedimentos necessários para a atualização.

Estamos à disposição para quaisquer esclarecimentos.
";APP Planalto Legis
SENATRAN, CONTRAN, Transportes ;"Prezado(a),

Agradecemos por entrar em contato com o Centro de Estudos Jurídicos da Presidência.

O Centro de Estudos é responsável pelo Portal da Legislação (http://www4.planalto.gov.br/legislacao), com a inserção da informação legislativa promulgada pelo Presidente da República, após publicação no Diário Oficial da União.

Nossa competência se restringe à disponibilização dos textos integrais dos atos normativos para que você possa pesquisar a legislação federal, por data, por termo/palavra-chave ou por tipo de ato  gratuitamente e on-line.

Esclarecemos que não compete ao Centro de Estudos Jurídicos da Presidência responder sobre o assunto abordado em seu e-mail e sugerimos que entre em contato diretamente com o Ministério dos Transportes por meio dos canais indicados: https://www.gov.br/transportes/pt-br/ouvidoria/pagina-inicial-ouvidoria
Estamos à disposição para quaisquer esclarecimentos.

Atenciosamente,";Ministério dos Transportes
Rádio Nacional, Rádio Amazônia, Tv Brasil, Rádio MEC, Agência Brasil ;"Prezado(a),

Agradecemos por entrar em contato com o Centro de Estudos Jurídicos da Presidência.

O Centro de Estudos é responsável pelo Portal da Legislação (http://www4.planalto.gov.br/legislacao), com a inserção da informação legislativa promulgada pelo Presidente da República, após publicação no Diário Oficial da União.

Nossa competência se restringe à disponibilização dos textos integrais dos atos normativos para que você possa pesquisar a legislação federal, por data, por termo/palavra-chave ou por tipo de ato  gratuitamente e on-line.

Esclarecemos que não compete ao Centro de Estudos Jurídicos da Presidência responder sobre o assunto abordado em seu e-mail e sugerimos que entre em contato diretamente com a Empresa Brasil de Comunicação (EBC) por meio do Fale Conosco - https://www.ebc.com.br/fale-conosco - ou Ouvidoria - https://www.ebc.com.br/ouvidoria?_gl=1*y8iu1i*_ga*MTQyMTk2Njg1Ny4xNjgzNzMyNzUw*_ga_TGW7R30M20*MTY4NTUzNTk3OS4xLjEuMTY4NTUzNjAyOS4wLjAuMA..

Estamos à disposição para quaisquer esclarecimentos.

Atenciosamente,
";Empresa Brasil de Comunicação
Manual de Redação ;"Prezado(a),

Agradecemos por entrar em contato com o Centro de Estudos Jurídicos da Presidência.

O Centro de Estudos é responsável pelo Portal da Legislação (http://www4.planalto.gov.br/legislacao), com a inserção da informação legislativa promulgada pelo Presidente da República, após publicação no Diário Oficial da União. Nossa competência se restringe à disponibilização dos textos integrais dos atos normativos para que você possa pesquisar a legislação federal, por data, por termo/palavra-chave ou por tipo de ato  gratuitamente e on-line -  http://www4.planalto.gov.br/legislacao/ .

Esclarecemos que não realizamos a distribuição do Manual de Redação da Presidência da República impresso e a versão on line (.pdf) está disponível para utilização ou impressão, no seguinte endereço: http://www4.planalto.gov.br/centrodeestudos/assuntos/manual-de-redacao-da-presidencia-da-republica

Estamos à disposição para quaisquer esclarecimentos.

Atenciosamente,


";Manual de Redação
Agência Nacional do Petróleo - ANP, Comercialização de óleo e derivados;"Prezado(a),

Agradecemos por entrar em contato com o Centro de Estudos Jurídicos da Presidência.

O Centro de Estudos é responsável pelo Portal da Legislação (http://www4.planalto.gov.br/legislacao), com a inserção da informação legislativa promulgada pelo Presidente da República, após publicação no Diário Oficial da União.

Nossa competência se restringe à disponibilização dos textos integrais dos atos normativos para que você possa pesquisar a legislação federal, por data, por termo/palavra-chave ou por tipo de ato  gratuitamente e on-line - http://www4.planalto.gov.br/legislacao/ .

Esclarecemos que não compete ao Centro de Estudos Jurídicos da Presidência responder sobre o assunto abordado em seu e-mail e sugerimos que entre em contato diretamente com a Agência Nacional do Petróleo, Gás Natural e Biocombustíveis - ANP por meio do  linK: https://www.gov.br/anp/pt-br/canais_atendimento/fale-conosco

Estamos à disposição para quaisquer esclarecimentos.

Atenciosamente,";ANP
Base de dados do Portal da Legislação;"Prezado(a),

Agradecemos por entrar em contato com o Centro de Estudos Jurídicos da Presidência.

Em atenção à sua solicitação informamos que  os procedimentos de atualização e armazenamento das informações do Portal da Legislação são bastante simples.
Para a atualização do Portal da Legislação, são utilizados os seguintes tipos de programas ou ferramentas:

1. Editor de arquivos em formato HTML;
2. Leitor e editor de arquivos em formato Portable Document Format - PDFs;
3. Programa de transferência de arquivos (File Transfer Protocol - FTP);
4. Gerenciador de conteúdo web; e
5. Diretórios de armazenamento de arquivos.

Os arquivos são criados em um programa editor de HTML. As alterações decorrentes de inclusões, revogações ou alterações legislativas também são realizadas em um editor de HTML, manualmente, pela equipe do Centro de Estudos Jurídicos.

O conteúdo do Portal da Legislação é gerenciado pelo sistema de gerenciamento de conteúdo web Plone. É um sistema em software livre, amplamente utilizado nos portais do Governo Federal. Outras informações sobre o Plone e instalação são acessíveis na página http://plone.org/. Por ser em software livre, existem comunidades colaborativas para o Plone que contribuem com melhorias de código, de infraestrutura, de navegabilidade, de usabilidade, de acessibilidade e de outros aspectos. No Brasil, existe uma comunidade que trata especificamente da utilização do Plone por governos. Mais informações sobre essa comunidade podem ser encontradas em http://softwarelivre.gov.br/plone.

Estamos à disposição para quaisquer esclarecimentos.

Atenciosamente,
";Portal da Legislação - Base de dados
Comissão de Valores Mobiliários - CVM. Regulamento, portarias. ;"Prezado(a),

Agradecemos por entrar em contato com o Centro de Estudos Jurídicos da Presidência.

O Centro de Estudos é responsável pelo Portal da Legislação (http://www4.planalto.gov.br/legislacao), com a inserção da informação legislativa promulgada pelo Presidente da República, após publicação no Diário Oficial da União.

Nossa competência se restringe à disponibilização dos textos integrais dos atos normativos para que você possa pesquisar a legislação federal, por data, por termo/palavra-chave ou por tipo de ato  gratuitamente e on-line.

Esclarecemos que não compete ao Centro de Estudos Jurídicos da Presidência responder sobre o assunto abordado em seu e-mail e sugerimos que entre em contato diretamente com a Comissão de Valores Mobiliários por meio do canal FALA.BR: https://falabr.cgu.gov.br/publico/Manifestacao/SelecionarTipoManifestacao.aspx?ReturnUrl=%2f

Estamos à disposição para quaisquer esclarecimentos.

Atenciosamente,
";CVM
Saúde Pública, agentes comunitarios de saude, portarias, normas, SUS, CAPS.;"Prezado(a),

Agradecemos por entrar em contato com o Centro de Estudos Jurídicos da Presidência.

O Centro de Estudos é responsável pelo Portal da Legislação (http://www4.planalto.gov.br/legislacao), com a inserção da informação legislativa promulgada pelo Presidente da República, após publicação no Diário Oficial da União.

Nossa competência se restringe à disponibilização dos textos integrais dos atos normativos para que você possa pesquisar a legislação federal, por data, por termo/palavra-chave ou por tipo de ato  gratuitamente e on-line.

Esclarecemos que não compete ao Centro de Estudos Jurídicos da Presidência responder sobre o assunto abordado em seu e-mail e sugerimos que entre em contato diretamente com o Ministério da Saúde por meio do canais oficiais: https://www.gov.br/saude/pt-br/canais-de-atendimento/ouvidoria-do-sus

Estamos à disposição para quaisquer esclarecimentos.

Atenciosamente,
";Ministério da Saúde
Ministério da Gestão e da Inovação em Serviços Públicos (MGI), Reajuste de servidor, gestão, inovação em servicos púbicos, etc.;"Prezado(a),

Agradecemos por entrar em contato com o Centro de Estudos Jurídicos da Presidência.

O Centro de Estudos é responsável pelo Portal da Legislação (http://www4.planalto.gov.br/legislacao), com a inserção da informação legislativa promulgada pelo Presidente da República, após publicação no Diário Oficial da União.

Nossa competência se restringe à disponibilização dos textos integrais dos atos normativos para que você possa pesquisar a legislação federal, por data, por termo/palavra-chave ou por tipo de ato  gratuitamente e on-line.

Esclarecemos que não compete ao Centro de Estudos Jurídicos da Presidência responder sobre o assunto abordado em seu e-mail e sugerimos que entre em contato diretamente com o Ministério da Gestão e da Inovação em Serviços Públicos por meio do canais oficiais: https://www.gov.br/gestao/pt-br/canais_atendimento/ouvidoria/servicos/servi_ouv

Estamos à disposição para quaisquer esclarecimentos.

Atenciosamente,";Ministério da Gestão e da Inovação em Serviços Públicos
Segurança privada, imigração, cidadania, armas. Polícia.;"Prezado(a),

Agradecemos por entrar em contato com o Centro de Estudos Jurídicos da Presidência.

O Centro de Estudos é responsável pelo Portal da Legislação (http://www4.planalto.gov.br/legislacao), com a inserção da informação legislativa promulgada pelo Presidente da República, após publicação no Diário Oficial da União.

Nossa competência se restringe à disponibilização dos textos integrais dos atos normativos para que você possa pesquisar a legislação federal, por data, por termo/palavra-chave ou por tipo de ato  gratuitamente e on-line.

Esclarecemos que não compete ao Centro de Estudos Jurídicos da Presidência responder sobre o assunto abordado em seu e-mail e sugerimos que entre em contato diretamente com o Ministério da Justiça e Segurança Pública por meio do Fala BR: https://falabr.cgu.gov.br/publico/Manifestacao/SelecionarTipoManifestacao.aspx?ReturnUrl=%2f

Estamos à disposição para quaisquer esclarecimentos.

Atenciosamente,";Ministério da Justiça e Segurança Pública
Aviação Civil;"Prezado(a),

Agradecemos por entrar em contato com o Centro de Estudos Jurídicos da Presidência.

O Centro de Estudos é responsável pelo Portal da Legislação (http://www4.planalto.gov.br/legislacao), com a inserção da informação legislativa promulgada pelo Presidente da República, após publicação no Diário Oficial da União.

Nossa competência se restringe à disponibilização dos textos integrais dos atos normativos para que você possa pesquisar a legislação federal, por data, por termo/palavra-chave ou por tipo de ato  gratuitamente e on-line - http://www4.planalto.gov.br/legislacao/ .

Esclarecemos que não compete ao Centro de Estudos Jurídicos da Presidência responder sobre o assunto abordado em seu e-mail e sugerimos que entre em contato diretamente com a Agência Nacional de Aviação Civil por meio do  Fala BR: https://falabr.cgu.gov.br/publico/Manifestacao/SelecionarTipoManifestacao.aspx?ReturnUrl=%2f

Estamos à disposição para quaisquer esclarecimentos.

Atenciosamente,";ANAC
Serpentário, SINIR, clima, meio ambiente, ;"Prezado(a),

Agradecemos por entrar em contato com o Centro de Estudos Jurídicos da Presidência.

O Centro de Estudos é responsável pelo Portal da Legislação (http://www4.planalto.gov.br/legislacao), com a inserção da informação legislativa promulgada pelo Presidente da República, após publicação no Diário Oficial da União.

Nossa competência se restringe à disponibilização dos textos integrais dos atos normativos para que você possa pesquisar a legislação federal, por data, por termo/palavra-chave ou por tipo de ato  gratuitamente e on-line.

Esclarecemos que não compete ao Centro de Estudos Jurídicos da Presidência responder sobre o assunto abordado em seu e-mail e sugerimos que entre em contato diretamente com o Ministério do Meio Ambiente e Mudança Climática por meio do Fala BR: https://falabr.cgu.gov.br/publico/Manifestacao/SelecionarTipoManifestacao.aspx?ReturnUrl=%2f

Estamos à disposição para quaisquer esclarecimentos.

Atenciosamente,";Ministério do Meio Ambiente
Bloqueio de IP;"Prezado(a)s,

Encaminhamos mensagem de e-mail com alegação de bloqueio de IP para verificação.

Atenciosamente,
";postmaster@presidencia.gov.br
Validação cadastral, servidores, aposentados, pensionistas;"Prezado(a),

Agradecemos por entrar em contato com o Centro de Estudos Jurídicos da Presidência.

O Centro de Estudos é responsável pelo Portal da Legislação (http://www4.planalto.gov.br/legislacao), com a inserção da informação legislativa promulgada pelo Presidente da República, após publicação no Diário Oficial da União.

Nossa competência se restringe à disponibilização dos textos integrais dos atos normativos para que você possa pesquisar a legislação federal, por data, por termo/palavra-chave ou por tipo de ato  gratuitamente e on-line.

Esclarecemos que não compete ao Centro de Estudos Jurídicos da Presidência responder sobre o assunto abordado em seu e-mail e sugerimos que entre em contato diretamente com a Central SIPEC - https://www.gov.br/servidor/pt-br/canais_atendimento/central-sipec

Estamos à disposição para quaisquer esclarecimentos.

Atenciosamente,";Central SIPEC
Ministério das Relações Exteriores, Óbito no Exterior ;"Prezado(a),

Agradecemos por entrar em contato com o Centro de Estudos Jurídicos da Presidência.

O Centro de Estudos é responsável pelo Portal da Legislação (http://www4.planalto.gov.br/legislacao), com a inserção da informação legislativa promulgada pelo Presidente da República, após publicação no Diário Oficial da União.

Nossa competência se restringe à disponibilização dos textos integrais dos atos normativos para que você possa pesquisar a legislação federal, por data, por termo/palavra-chave ou por tipo de ato  gratuitamente e on-line.

Esclarecemos que não compete ao Centro de Estudos Jurídicos da Presidência responder sobre o assunto abordado em seu e-mail e sugerimos que entre em contato diretamente com o Ministério das Relações Exteriores por meio do Fala BR: https://falabr.cgu.gov.br/publico/Manifestacao/SelecionarTipoManifestacao.aspx?ReturnUrl=%2f

Estamos à disposição para quaisquer esclarecimentos.

Atenciosamente,
";Itamaraty
Agência Nacional de Saúde Suplementar, Saúde Suplementar, Plano de Saúde.;"Prezado(a),

Agradecemos por entrar em contato com o Centro de Estudos Jurídicos da Presidência.

O Centro de Estudos é responsável pelo Portal da Legislação (http://www4.planalto.gov.br/legislacao), com a inserção da informação legislativa promulgada pelo Presidente da República, após publicação no Diário Oficial da União.

Nossa competência se restringe à disponibilização dos textos integrais dos atos normativos para que você possa pesquisar a legislação federal, por data, por termo/palavra-chave ou por tipo de ato  gratuitamente e on-line - http://www4.planalto.gov.br/legislacao/ .

Esclarecemos que não compete ao Centro de Estudos Jurídicos da Presidência responder sobre o assunto abordado em seu e-mail e sugerimos que entre em contato diretamente com a Agência Nacional de Saúde Suplementar por meio do  linK: https://falabr.cgu.gov.br/publico/Manifestacao/SelecionarTipoManifestacao.aspx?ReturnUrl=%2f

Estamos à disposição para quaisquer esclarecimentos.

Atenciosamente,";ANS
"Agência Nacional de Energia Elétrica - ANEEL; Reclamação sobre conta de luz";"Prezado(a),

Agradecemos por entrar em contato com o Centro de Estudos Jurídicos da Presidência.

O Centro de Estudos é responsável pelo Portal da Legislação (http://www4.planalto.gov.br/legislacao), com a inserção da informação legislativa promulgada pelo Presidente da República, após publicação no Diário Oficial da União.

Nossa competência se restringe à disponibilização dos textos integrais dos atos normativos para que você possa pesquisar a legislação federal, por data, por termo/palavra-chave ou por tipo de ato  gratuitamente e on-line - http://www4.planalto.gov.br/legislacao/ .

Esclarecemos que não compete ao Centro de Estudos Jurídicos da Presidência responder sobre o assunto abordado em seu e-mail e sugerimos que entre em contato diretamente com a Agência Nacional de Energia Elétrica - ANEEL por meio do linK: https://www.gov.br/aneel/pt-br/canais_atendimento

Estamos à disposição para quaisquer esclarecimentos.

Atenciosamente,";ANEEL
Itamaraty, Visto de visitante para estrangeiro.;"Dear,

The Center of Juridical Studies is responsible for the insertion of acts in the Law Report Base of the Portal da Legislação. We make available in our Portal all the Federal Legislation promulgated by Presidents of the Republic and Constitutional Amendments already published in the Official Gazette of the Union.

It is not for the Center of Juridical Studies of the Presidency to do specific research on normative acts, interpretation of acts, legislate or respond on the topic addressed.

We suggest you contact the Ministry of Foreign Affairs: https://www.gov.br/mre/en/contact-us/

We remain at your disposal for more information.

Best regards,

Center of Juridical Studies of the Presidency Team

";Itamaraty
Agência Nacional de Águas e Saneamento Básico , Águas e Saneamento Básico;"Prezado(a),

Agradecemos por entrar em contato com o Centro de Estudos Jurídicos da Presidência.

O Centro de Estudos é responsável pelo Portal da Legislação (http://www4.planalto.gov.br/legislacao), com a inserção da informação legislativa promulgada pelo Presidente da República, após publicação no Diário Oficial da União.

Nossa competência se restringe à disponibilização dos textos integrais dos atos normativos para que você possa pesquisar a legislação federal, por data, por termo/palavra-chave ou por tipo de ato  gratuitamente e on-line - http://www4.planalto.gov.br/legislacao/ .

Esclarecemos que não compete ao Centro de Estudos Jurídicos da Presidência responder sobre o assunto abordado em seu e-mail e sugerimos que entre em contato diretamente com a Agência Nacional de Águas e Saneamento Básico (ANA) por meio do  linK: https://www.gov.br/ana/pt-br/canais_atendimento/ouvidoria

Estamos à disposição para quaisquer esclarecimentos.

Atenciosamente,
";ANA
MDIC, Micro Empresa Individual, empresa multinacional, comercio exterior, exportações.;"Prezado(a),

Agradecemos por entrar em contato com o Centro de Estudos Jurídicos da Presidência.

O Centro de Estudos é responsável pelo Portal da Legislação (http://www4.planalto.gov.br/legislacao), com a inserção da informação legislativa promulgada pelo Presidente da República, após publicação no Diário Oficial da União.

Nossa competência se restringe à disponibilização dos textos integrais dos atos normativos para que você possa pesquisar a legislação federal, por data, por termo/palavra-chave ou por tipo de ato  gratuitamente e on-line.

Esclarecemos que não compete ao Centro de Estudos Jurídicos da Presidência responder sobre o assunto abordado em seu e-mail e sugerimos que entre em contato diretamente com o Ministério do Desenvolvimento, Indústria, Comércio e Serviços por meio do link: https://www.gov.br/mdic/pt-br/canais_atendimento/ouvidoria

Estamos à disposição para quaisquer esclarecimentos.

Atenciosamente,
";Indústria
Empresa multinacional, comercio exterior, importações, exportações., Apex;"Prezado(a),

Agradecemos por entrar em contato com o Centro de Estudos Jurídicos da Presidência.

O Centro de Estudos é responsável pelo Portal da Legislação (http://www4.planalto.gov.br/legislacao), com a inserção da informação legislativa promulgada pelo Presidente da República, após publicação no Diário Oficial da União.

Nossa competência se restringe à disponibilização dos textos integrais dos atos normativos para que você possa pesquisar a legislação federal, por data, por termo/palavra-chave ou por tipo de ato  gratuitamente e on-line.

Esclarecemos que não compete ao Centro de Estudos Jurídicos da Presidência responder sobre o assunto abordado em seu e-mail e sugerimos que entre em contato diretamente com a Agência Brasileira de Promoção de Exportações e Investimentos (ApexBrasil ) - https://apexbrasil.com.br/br/pt/sobre-a-apex-brasil.html

Estamos à disposição para quaisquer esclarecimentos.

Atenciosamente,
";Apex
Apex, Empresa multinacional, comercio exterior, importações, exportações.;"Dear,

The Center of Juridical Studies is responsible for the insertion of acts in the Law Report Base of the Portal da Legislação. We make available in our Portal all the Federal Legislation promulgated by Presidents of the Republic and Constitutional Amendments already published in the Official Gazette of the Union.

It is not for the Center of Juridical Studies of the Presidency to do specific research on normative acts, interpretation of acts, legislate or respond on the topic addressed.

We suggest you contact the Brazilian Trade and Investment Promotion Agency (ApexBrasil) - https://apexbrasil.com.br/br/en.html

We remain at your disposal for more information.

Best regards,

Center of Juridical Studies of the Presidency Team ";Apex
Instituto Nacional da Propriedade Industrial, Marcas, Patentes, propriedade intelectual;"Prezado(a),

Agradecemos por entrar em contato com o Centro de Estudos Jurídicos da Presidência.

O Centro de Estudos é responsável pelo Portal da Legislação (http://www4.planalto.gov.br/legislacao), com a inserção da informação legislativa promulgada pelo Presidente da República, após publicação no Diário Oficial da União.

Nossa competência se restringe à disponibilização dos textos integrais dos atos normativos para que você possa pesquisar a legislação federal, por data, por termo/palavra-chave ou por tipo de ato  gratuitamente e on-line.

Esclarecemos que não compete ao Centro de Estudos Jurídicos da Presidência responder sobre o assunto abordado em seu e-mail e sugerimos que entre em contato diretamente com o Instituto Nacional da Propriedade Industrial por meio do link - https://www.gov.br/inpi/pt-br/governanca/ouvidoria

Estamos à disposição para quaisquer esclarecimentos.

Atenciosamente,";INPI
Dúvidas sobre o GOV BR, conta prata, ouro, cadastro, certificação, recuperação de senha.;"Prezado(a),

Agradecemos por entrar em contato com o Centro de Estudos Jurídicos da Presidência.

O Centro de Estudos é responsável pelo Portal da Legislação (http://www4.planalto.gov.br/legislacao), com a inserção da informação legislativa promulgada pelo Presidente da República, após publicação no Diário Oficial da União.

Nossa competência se restringe à disponibilização dos textos integrais dos atos normativos para que você possa pesquisar a legislação federal, por data, por termo/palavra-chave ou por tipo de ato  gratuitamente e on-line.

Esclarecemos que não compete ao Centro de Estudos Jurídicos da Presidência responder sobre o assunto abordado em seu e-mail e sugerimos que entre em contato diretamente com a equipe de atendimento do GOV.BR  por meio do link - https://www.gov.br/governodigital/pt-br/atendimento-gov.br

Estamos à disposição para quaisquer esclarecimentos.

Atenciosamente,";GOV BR
IPHAN, Tombamento, Patrimônio;"Prezado(a),

Agradecemos por entrar em contato com o Centro de Estudos Jurídicos da Presidência.

O Centro de Estudos é responsável pelo Portal da Legislação (http://www4.planalto.gov.br/legislacao), com a inserção da informação legislativa promulgada pelo Presidente da República, após publicação no Diário Oficial da União.

Nossa competência se restringe à disponibilização dos textos integrais dos atos normativos para que você possa pesquisar a legislação federal, por data, por termo/palavra-chave ou por tipo de ato  gratuitamente e on-line.

Esclarecemos que não compete ao Centro de Estudos Jurídicos da Presidência responder sobre o assunto abordado em seu e-mail e sugerimos que entre em contato diretamente com o Instituto do Patrimônio Histórico e Artístico Nacional por meio do Fala BR: https://falabr.cgu.gov.br/publico/Manifestacao/SelecionarTipoManifestacao.aspx?ReturnUrl=%2f

Estamos à disposição para quaisquer esclarecimentos.

Atenciosamente,";IPHAN
Reclamação do tamanho da fonte do portal no celular;"Prezado(a),

Agradecemos por entrar em contato com o Centro de Estudos Jurídicos da Presidência.

Informamos que sua reclamação será encaminhada para verificação da possibilidade de alteração pelo setor responsável.

Em relação ao tamanho da fonte em celulares, sugerimos utilizar o modo leitura ou modo para computador no navegador do seu aparelho.

Estamos à disposição para quaisquer esclarecimentos.

Atenciosamente,
";Portal da Legislação
Dúvida sobre solicitação de cidadania Ministério das Relações Exteriores ;"Estimado(a),

Agradecemos por ponerse en contacto con el Centro de Estudios Jurídicos de la Presidencia.

El Centro de Estudios es responsable de la información legislativa vía Portal de la Legislación (http://www4.planalto.gov.br/legislacao). Informamos que la competencia del Centro de Estudios Jurídicos de la Presidencia se restringe a la disponibilidad de los textos integrales de los actos normativos en aquel Portal.

No corresponde al Centro de Estudios Jurídicos de la Presidencia responder sobre el asunto abordado y sugerimos que lleve su sugerencia (o haga su pregunta directamente a la) a lo  Ministerio de Relaciones Exteriores - https://www.gov.br/mre/pt-br?set_language=pt-br

Cordial Saluto.

Equipo de el Centro de Estudios Jurídicos de la Presidencia.
";Itamaraty
Central de atendimento do programa e-social;"Prezado(a),

Agradecemos por entrar em contato com o Centro de Estudos Jurídicos da Presidência.

O Centro de Estudos é responsável pelo Portal da Legislação (http://www4.planalto.gov.br/legislacao), com a inserção da informação legislativa promulgada pelo Presidente da República, após publicação no Diário Oficial da União.

Nossa competência se restringe à disponibilização dos textos integrais dos atos normativos para que você possa pesquisar a legislação federal, por data, por termo/palavra-chave ou por tipo de ato  gratuitamente e on-line.

Esclarecemos que não compete ao Centro de Estudos Jurídicos da Presidência responder sobre o assunto abordado em seu e-mail e sugerimos que entre em contato diretamente com a equipe responsável  por meio do portal e-social - https://www.gov.br/esocial/pt-br/canais_atendimento/contato

Estamos à disposição para quaisquer esclarecimentos.

Atenciosamente,";E-social
Luz para Todos;"Prezado(a),

Agradecemos por entrar em contato com o Centro de Estudos Jurídicos da Presidência.

O Centro de Estudos é responsável pelo Portal da Legislação (http://www4.planalto.gov.br/legislacao), com a inserção da informação legislativa promulgada pelo Presidente da República, após publicação no Diário Oficial da União.

Nossa competência se restringe à disponibilização dos textos integrais dos atos normativos para que você possa pesquisar a legislação federal, por data, por termo/palavra-chave ou por tipo de ato  gratuitamente e on-line.

Esclarecemos que não compete ao Centro de Estudos Jurídicos da Presidência responder sobre o assunto abordado em seu e-mail e sugerimos que entre em contato diretamente com o Ministério de Minas e Energia pelo link:  https://www.gov.br/mme/pt-br/canais_atendimento/contact-info ou pelo Fala BR: https://falabr.cgu.gov.br/publico/Manifestacao/SelecionarTipoManifestacao.aspx?ReturnUrl=%2f

Estamos à disposição para quaisquer esclarecimentos.

Atenciosamente,";Ministério de Minas e Energia
Exposição de Motivos. Solicitação externa ao Governo Federal  ;"Prezado(a),

Agradecemos por entrar em contato com o Centro de Estudos Jurídicos da Presidência.

O Centro de Estudos é responsável pelo Portal da Legislação (http://www4.planalto.gov.br/legislacao), com a inserção da informação legislativa promulgada pelo Presidente da República, após publicação no Diário Oficial da União.

Nossa competência se restringe à disponibilização dos textos integrais dos atos normativos para que você possa pesquisar a legislação federal, por data, por termo/palavra-chave ou por tipo de ato  gratuitamente e on-line -  http://www4.planalto.gov.br/legislacao/ .

Esclarecemos que solicitações de Exposições de Motivos devem ser enviadas por meio do Serviço de Informação ao Cidadão (SIC) - https://falabr.cgu.gov.br/publico/Manifestacao/SelecionarTipoManifestacao.aspx?ReturnUrl=%2f

Estamos à disposição para quaisquer esclarecimentos.

Atenciosamente,
";Exposição de Motivos
Exposição de Motivos, solicitação de órgão público do Governo Federal;"Prezado Chefe de Gabinete,

Encaminhamos solicitação de cópia de Exposição de Motivos apresentada por servidor da Receita Federal do Brasil.

Atenciosamente,


";Exposição de Motivos
Desenrola Brasil, dívida com a União, economia., Ministério da Fazenda;"Prezado(a),

Agradecemos por entrar em contato com o Centro de Estudos Jurídicos da Presidência.

O Centro de Estudos é responsável pelo Portal da Legislação (http://www4.planalto.gov.br/legislacao), com a inserção da informação legislativa promulgada pelo Presidente da República, após publicação no Diário Oficial da União.

Nossa competência se restringe à disponibilização dos textos integrais dos atos normativos para que você possa pesquisar a legislação federal, por data, por termo/palavra-chave ou por tipo de ato  gratuitamente e on-line.

Esclarecemos que não compete ao Centro de Estudos Jurídicos da Presidência responder sobre o assunto abordado em seu e-mail e sugerimos que entre em contato diretamente com o Ministério da Fazenda por meio do Fala BR: https://falabr.cgu.gov.br/publico/Manifestacao/SelecionarTipoManifestacao.aspx?ReturnUrl=%2f

Estamos à disposição para quaisquer esclarecimentos.

Atenciosamente,";Ministério da Fazenda
Seguros Privados, SUSEP;"Prezado(a),

Agradecemos por entrar em contato com o Centro de Estudos Jurídicos da Presidência.

O Centro de Estudos é responsável pelo Portal da Legislação (http://www4.planalto.gov.br/legislacao), com a inserção da informação legislativa promulgada pelo Presidente da República, após publicação no Diário Oficial da União.

Nossa competência se restringe à disponibilização dos textos integrais dos atos normativos para que você possa pesquisar a legislação federal, por data, por termo/palavra-chave ou por tipo de ato  gratuitamente e on-line.

Esclarecemos que não compete ao Centro de Estudos Jurídicos da Presidência responder sobre o assunto abordado em seu e-mail e sugerimos que entre em contato diretamente com a Superintendência de Seguros Privados (SUSEP) - https://www.gov.br/susep/pt-br

Estamos à disposição para quaisquer esclarecimentos.

Atenciosamente,
";Susep
"Ministério das Relações Exteriores - MRE; Relações Exteriores";"Prezado(a),

Agradecemos por entrar em contato com o Centro de Estudos Jurídicos da Presidência.

O Centro de Estudos é responsável pelo Portal da Legislação (http://www4.planalto.gov.br/legislacao), com a inserção da informação legislativa promulgada pelo Presidente da República, após publicação no Diário Oficial da União.

Nossa competência se restringe à disponibilização dos textos integrais dos atos normativos para que você possa pesquisar a legislação federal, por data, por termo/palavra-chave ou por tipo de ato  gratuitamente e on-line.

Esclarecemos que não compete ao Centro de Estudos Jurídicos da Presidência responder sobre o assunto abordado em seu e-mail e sugerimos que entre em contato diretamente com o Ministério das Relações Exteriores (MRE) - https://www.gov.br/mre/pt-br

Estamos à disposição para quaisquer esclarecimentos.

Atenciosamente,";Itamaraty
Submissão de artigo RJP, Revista;"Prezado(a),

Incialmente, agradecemos pelo interesse em contribuir com a Revista Jurídica da Presidência  RJP.

Informamos que a RJP publica apenas artigos inéditos, que nunca tenham sido divulgados em outros meios, no todo ou em partes (blogs, sites ou outras publicações, como apresentação em Congressos).

Exigimos o ineditismo, pois os textos passarão pela análise double-blind peer review. A apresentação em Congressos fere o ineditismo e prejudica a avaliação duplo-cega pelos pareceristas, pois permite a identificação do autor.

Caso tenha interesse de enviar texto inédito, ressaltamos que a Revista só recebe artigos de autores que tenham, no mínimo, Mestrado em andamento e que os artigos publicados, das áreas do direito e das políticas públicas, são recebidos por meio de Chamadas de Trabalho, com período pré-estabelecido pela Conselho de Editoração. Ou seja, o fluxo de recebimento não é contínuo. No momento, não estamos com Chamada de Trabalhos aberta para artigos. As Chamadas serão oportunamente divulgadas por e-mail. O senhor também pode acompanhar pelas nossas redes sociais.

Siga nosso perfil @cej.saj_oficial no Instagram.

Nossas normas de submissão estão disponíveis em: https://revistajuridica.presidencia.gov.br/index.php/saj/about/submissions

Estamos à disposição para quaisquer esclarecimentos.

Atenciosamente,
";Revista Jurídica
Artigo 39 da Constituição Federal;"Prezado(a),

Agradecemos por entrar em contato com o Centro de Estudos Jurídicos da Presidência.

O Centro de Estudos é responsável pelo Portal da Legislação (http://www4.planalto.gov.br/legislacao), com a inserção da informação legislativa promulgada pelo Presidente da República, após publicação no Diário Oficial da União.

Nossa competência se restringe à disponibilização dos textos integrais dos atos normativos para que você possa pesquisar a legislação federal, por data, por termo/palavra-chave ou por tipo de ato  gratuitamente e on-line -  http://www4.planalto.gov.br/legislacao/ .

Esclarecemos que a presença de duas versões do Artigo 39 no teor da Constituição da República Federativa do Brasil de 1988 no Portal da Legislação, no sítio eletrônico https://www.planalto.gov.br/ccivil_03/constituicao/constituicaocompilado.htm, se justifica pela Ação Direta de Inconstitucionalidade nº 2135, em tramitação do Supremo Tribunal Federal (STF).

Estamos à disposição para quaisquer esclarecimentos.

Atenciosamente,

";Art. 39 Constituição
Portal de Ouvidorias, Corregedorias, Acesso a Informação, Portal da Transperencia, Fala BR. CGU;"Prezado(a),

Agradecemos por entrar em contato com o Centro de Estudos Jurídicos da Presidência.

O Centro de Estudos é responsável pelo Portal da Legislação (http://www4.planalto.gov.br/legislacao), com a inserção da informação legislativa promulgada pelo Presidente da República, após publicação no Diário Oficial da União.

Nossa competência se restringe à disponibilização dos textos integrais dos atos normativos para que você possa pesquisar a legislação federal, por data, por termo/palavra-chave ou por tipo de ato  gratuitamente e on-line.

Esclarecemos que não compete ao Centro de Estudos Jurídicos da Presidência responder sobre o assunto abordado em seu e-mail e sugerimos que entre em contato diretamente com a Controladoria-Geral da União (CGU) - https://falabr.cgu.gov.br/publico/Manifestacao/SelecionarTipoManifestacao.aspx?ReturnUrl=%2f

Estamos à disposição para quaisquer esclarecimentos.

Atenciosamente,";CGU
Correção, alteração, atualização de norma no Portal da Legislação;"Prezado(a) ,

Agradecemos por entrar em contato com o Centro de Estudos Jurídicos da Presidência.

O Centro de Estudos é responsável pelo Portal da Legislação (http://www4.planalto.gov.br/legislacao), com a inserção da informação legislativa promulgada pelo Presidente da República, após publicação no Diário Oficial da União.

Nossa competência se restringe à disponibilização dos textos integrais dos atos normativos para que você possa pesquisar a legislação federal, por data, por termo/palavra-chave ou por tipo de ato  gratuitamente e on-line -  http://www4.planalto.gov.br/legislacao/ .

Agradecemos pela sua colaboração e informamos que sua mensagem foi encaminhada para verificação da necessidade de ajustes pela equipe responsável pelo Portal da Legislação.

Estamos à disposição para quaisquer esclarecimentos.

Atenciosamente,
";Portal da Legislação
Correção, alteração, atualização de norma no Portal da Legislação;"Prezado(a),

Agradecemos por entrar em contato com o Centro de Estudos Jurídicos da Presidência.

O Centro de Estudos é responsável pelo Portal da Legislação (http://www4.planalto.gov.br/legislacao), com a inserção da informação legislativa promulgada pelo Presidente da República, após publicação no Diário Oficial da União.

Nossa competência se restringe à disponibilização dos textos integrais dos atos normativos para que você possa pesquisar a legislação federal, por data, por termo/palavra-chave ou por tipo de ato  gratuitamente e on-line -  http://www4.planalto.gov.br/legislacao/ .

Agradecemos pela sua colaboração e informamos que foram realizados os ajustes necessários no Decreto nº 76.322, de 22 de setembro de 1975 -  https://www.planalto.gov.br/ccivil_03/decreto/1970-1979/d76322.htm

Orientamos que atualize a página pressionando as teclas CTRL+F5 em seu teclado para a visualização das alterações.

Estamos à disposição para quaisquer esclarecimentos.

Atenciosamente,
";Portal da Legislação
Radiodifusão, telecomunicações, 5G, correios, telebras;"Prezado(a),

Agradecemos por entrar em contato com o Centro de Estudos Jurídicos da Presidência.

O Centro de Estudos é responsável pelo Portal da Legislação (http://www4.planalto.gov.br/legislacao), com a inserção da informação legislativa promulgada pelo Presidente da República, após publicação no Diário Oficial da União.

Nossa competência se restringe à disponibilização dos textos integrais dos atos normativos para que você possa pesquisar a legislação federal, por data, por termo/palavra-chave ou por tipo de ato  gratuitamente e on-line.

Esclarecemos que não compete ao Centro de Estudos Jurídicos da Presidência responder sobre o assunto abordado em seu e-mail e sugerimos que entre em contato diretamente com o Ministério das Comunicações por meio do canal FALA.BR: https://falabr.cgu.gov.br/publico/Manifestacao/SelecionarTipoManifestacao.aspx?ReturnUrl=%2f  ou endereços indicados no website institucional - https://www.gov.br/mcom/pt-br/canais_atendimento/contact-info

Estamos à disposição para quaisquer esclarecimentos.

Atenciosamente,
";Ministério das Comunicações
Dúvidas sobre o SOU GOV, SIAPE, SIGEPE, SIASS ;"Prezado(a),

Agradecemos por entrar em contato com o Centro de Estudos Jurídicos da Presidência.

O Centro de Estudos é responsável pelo Portal da Legislação (http://www4.planalto.gov.br/legislacao), com a inserção da informação legislativa promulgada pelo Presidente da República, após publicação no Diário Oficial da União.

Nossa competência se restringe à disponibilização dos textos integrais dos atos normativos para que você possa pesquisar a legislação federal, por data, por termo/palavra-chave ou por tipo de ato  gratuitamente e on-line.

Esclarecemos que não compete ao Centro de Estudos Jurídicos da Presidência responder sobre o assunto abordado em seu e-mail.

Sugerimos entrar em contato diretamente com a equipe responsável pelo SOU.GOV por meio da Central SIPEC - https://www.gov.br/servidor/pt-br/canais_atendimento/central-sipec

Estamos à disposição para quaisquer esclarecimentos.

Atenciosamente,";Central SIPEC
PNCP, MGI, Portal Nacional de Contratações Públicas;"Prezado(a),

Agradecemos por entrar em contato com o Centro de Estudos Jurídicos da Presidência.

O Centro de Estudos é responsável pelo Portal da Legislação (http://www4.planalto.gov.br/legislacao), com a inserção da informação legislativa promulgada pelo Presidente da República, após publicação no Diário Oficial da União.

Nossa competência se restringe à disponibilização dos textos integrais dos atos normativos para que você possa pesquisar a legislação federal, por data, por termo/palavra-chave ou por tipo de ato  gratuitamente e on-line -  http://www4.planalto.gov.br/legislacao/ .

Esclarecemos que não compete ao Centro de Estudos Jurídicos da Presidência responder sobre o assunto abordado em seu e-mail. Sugerimos entrar em contato diretamente com a equipe do Portal Nacional de Contratações Públicas por meio da Central de Atendimento disponível no website: https://www.gov.br/pncp/pt-br/pncp/integre-se-ao-pncp/integre-se

Estamos à disposição para quaisquer esclarecimentos.

Atenciosamente,";Compras públicas - pregão
Intercâmbio SAJ;"Prezado(a),

Agradecemos por entrar em contato com o Centro de Estudos Jurídicos da Presidência.

O Centro de Estudos é responsável pelo Portal da Legislação (http://www4.planalto.gov.br/legislacao), com a inserção da informação legislativa promulgada pelo Presidente da República, após publicação no Diário Oficial da União.

Esclarecemos que não há definição de data para a publicação do edital de seleção da próxima edição do Programa de Intercâmbio. Sugerimos acompanhar o instagram do Centro de Estudos Jurídicos da Presidência - @cej.saj_oficial

Estamos à disposição para quaisquer esclarecimentos.

Atenciosamente,
";Intercâmbio
Solicitação de parecer da AGU;"Prezado(a),

Agradecemos por entrar em contato com o Centro de Estudos Jurídicos da Presidência.

O Centro de Estudos é responsável pelo Portal da Legislação (http://www4.planalto.gov.br/legislacao), com a inserção da informação legislativa promulgada pelo Presidente da República, após publicação no Diário Oficial da União.

Nossa competência se restringe à disponibilização dos textos integrais dos atos normativos para que você possa pesquisar a legislação federal, por data, por termo/palavra-chave ou por tipo de ato  gratuitamente e on-line.

Esclarecemos que não compete ao Centro de Estudos Jurídicos da Presidência responder sobre o assunto abordado em seu e-mail e sugerimos que entre em contato diretamente com a Advocacia-Geral da União (AGU) - https://falabr.cgu.gov.br/web/home

Estamos à disposição para quaisquer esclarecimentos.

Atenciosamente,
";AGU
Registro de embarcações, ANTAQ;"Prezado(a),

Agradecemos por entrar em contato com o Centro de Estudos Jurídicos da Presidência.

O Centro de Estudos é responsável pelo Portal da Legislação (http://www4.planalto.gov.br/legislacao), com a inserção da informação legislativa promulgada pelo Presidente da República, após publicação no Diário Oficial da União.

Nossa competência se restringe à disponibilização dos textos integrais dos atos normativos para que você possa pesquisar a legislação federal, por data, por termo/palavra-chave ou por tipo de ato  gratuitamente e on-line - http://www4.planalto.gov.br/legislacao/ .

Esclarecemos que não compete ao Centro de Estudos Jurídicos da Presidência responder sobre o assunto abordado em seu e-mail e sugerimos que entre em contato diretamente com a Agência Nacional de Transportes Aquaviários (ANTAQ) por meio do  linK: https://falabr.cgu.gov.br/web/home

Estamos à disposição para quaisquer esclarecimentos.

Atenciosamente,";ANTAQ
Ministério das Cidades, Minha casa minha vida, Obras,  ;"Prezado(a),

Agradecemos por entrar em contato com o Centro de Estudos Jurídicos da Presidência.

O Centro de Estudos é responsável pelo Portal da Legislação (http://www4.planalto.gov.br/legislacao), com a inserção da informação legislativa promulgada pelo Presidente da República, após publicação no Diário Oficial da União.

Nossa competência se restringe à disponibilização dos textos integrais dos atos normativos para que você possa pesquisar a legislação federal, por data, por termo/palavra-chave ou por tipo de ato  gratuitamente e on-line.

Esclarecemos que não compete ao Centro de Estudos Jurídicos da Presidência responder sobre o assunto abordado em seu e-mail e sugerimos que entre em contato diretamente com o Ministério das Cidades por meio do canal FALA.BR: https://falabr.cgu.gov.br/web/home

Estamos à disposição para quaisquer esclarecimentos.

Atenciosamente,";Ministério das Cidades
Quilombolas, cultura afrobrasileira, certificação de quilombos ;"Prezado(a),

Agradecemos por entrar em contato com o Centro de Estudos Jurídicos da Presidência.

O Centro de Estudos é responsável pelo Portal da Legislação (http://www4.planalto.gov.br/legislacao), com a inserção da informação legislativa promulgada pelo Presidente da República, após publicação no Diário Oficial da União.

Nossa competência se restringe à disponibilização dos textos integrais dos atos normativos para que você possa pesquisar a legislação federal, por data, por termo/palavra-chave ou por tipo de ato  gratuitamente e on-line.

Esclarecemos que não compete ao Centro de Estudos Jurídicos da Presidência responder sobre o assunto abordado em seu e-mail e sugerimos que entre em contato diretamente com a Fundação Cultural Palmares por meio do canal FALA.BR: https://falabr.cgu.gov.br/web/home ou canais indicados no site institucional https://www.gov.br/palmares/pt-br/canais_atendimento/contact-info

Estamos à disposição para quaisquer esclarecimentos.

Atenciosamente,";Fundação Cultural Palmares
GOV BR;"Prezado(a),

Agradecemos por entrar em contato com o Centro de Estudos Jurídicos da Presidência.

O Centro de Estudos é responsável pelo Portal da Legislação (http://www4.planalto.gov.br/legislacao), com a inserção da informação legislativa promulgada pelo Presidente da República, após publicação no Diário Oficial da União.

Nossa competência se restringe à disponibilização dos textos integrais dos atos normativos para que você possa pesquisar a legislação federal, por data, por termo/palavra-chave ou por tipo de ato  gratuitamente e on-line.

Esclarecemos que não compete ao Centro de Estudos Jurídicos da Presidência responder sobre o assunto abordado em seu e-mail.

Sugerimos entrar em contato diretamente com a equipe responsável pelo Atendimento GOV.BR por meio do portal Governo Digital - https://www.gov.br/governodigital/pt-br/acessibilidade-e-usuario/atendimento-gov.br

Estamos à disposição para quaisquer esclarecimentos.

Atenciosamente,";Governo Digital
Polícia Rodoviária Federal, Multas de Trânsito, apreensão de veículos.;"Prezado(a),

Agradecemos por entrar em contato com o Centro de Estudos Jurídicos da Presidência.

O Centro de Estudos é responsável pelo Portal da Legislação (http://www4.planalto.gov.br/legislacao), com a inserção da informação legislativa promulgada pelo Presidente da República, após publicação no Diário Oficial da União.

Nossa competência se restringe à disponibilização dos textos integrais dos atos normativos para que você possa pesquisar a legislação federal, por data, por termo/palavra-chave ou por tipo de ato  gratuitamente e on-line.

Esclarecemos que não compete ao Centro de Estudos Jurídicos da Presidência responder sobre o assunto abordado em seu e-mail e sugerimos que entre em contato diretamente com a Policia Rodoviária Federal por meio do canal FALA.BR: https://falabr.cgu.gov.br/web/home

Estamos à disposição para quaisquer esclarecimentos.

Atenciosamente,
";Polícia Rodoviária Federal
Portal de Compras do Governo Federal. Licitações, contratos, cadastro de fornecedores, atas de registro de preços.;"Prezado(a),

Agradecemos por entrar em contato com o Centro de Estudos Jurídicos da Presidência.

O Centro de Estudos é responsável pelo Portal da Legislação (http://www4.planalto.gov.br/legislacao), com a inserção da informação legislativa promulgada pelo Presidente da República, após publicação no Diário Oficial da União.

Nossa competência se restringe à disponibilização dos textos integrais dos atos normativos para que você possa pesquisar a legislação federal, por data, por termo/palavra-chave ou por tipo de ato  gratuitamente e on-line.

Esclarecemos que não compete ao Centro de Estudos Jurídicos da Presidência responder sobre o assunto abordado em seu e-mail e sugerimos que entre em contato diretamente com a equipe do Portal de Compras do Governo Federal: https://www.gov.br/compras/pt-br

Estamos à disposição para quaisquer esclarecimentos.

Atenciosamente,
";Compras públicas - pregão
Ministério do Turismo, Embratur, Cadastur, turismo;"Prezado(a),

Agradecemos por entrar em contato com o Centro de Estudos Jurídicos da Presidência.

O Centro de Estudos é responsável pelo Portal da Legislação (http://www4.planalto.gov.br/legislacao), com a inserção da informação legislativa promulgada pelo Presidente da República, após publicação no Diário Oficial da União.

Nossa competência se restringe à disponibilização dos textos integrais dos atos normativos para que você possa pesquisar a legislação federal, por data, por termo/palavra-chave ou por tipo de ato  gratuitamente e on-line.

Esclarecemos que não compete ao Centro de Estudos Jurídicos da Presidência responder sobre o assunto abordado em seu e-mail e sugerimos que entre em contato diretamente com o Ministério do Turismo por meio do link: https://falabr.cgu.gov.br/web/home

Estamos à disposição para quaisquer esclarecimentos.

Atenciosamente,";Ministério do Turismo
Alterar ou atualizar endereço de e-mail;"Prezado(a),

Para alterar o e-mail de recebimento no sistema push , basta você cancelar o cadastro do e-mail de recebimento atual, clicando no link que consta em todas as mensagens recebidas. Veja no texto abaixo:

Este é um serviço informativo, sem cunho oficial, e não substitui a publicação no Diário Oficial da União.
A presente mensagem eletrônica é automática. Por favor, não responda.
Caso não deseje mais receber estes informativos, clique aqui para cancelar seu cadastramento.

Posteriormente, basta cadastrar seu novo endereço de e-mail no Sistema PUSH - http://www.saj.planalto.gov.br/saj/Boletins.nsf/frmInscricaoWeb?OpenForm -, que encaminha automaticamente uma mensagem com os atos normativos disponibilizados no dia.

Após realizar seu cadastro, você receberá uma mensagem do sistema para a confirmação de sua conta de e-mail. Caso não realize a confirmação, o Sistema PUSH não encaminhará as atualizações normativas.

Alertamos que uma parte significativa dos casos de não recebimento da mensagem encaminhada pelo Sistema PUSH decorre de configurações anti-spam da caixa de entrada do e-mail dos usuários. Caso não esteja recebendo, verifique sua caixa de spam e cadastre o e-mail sistema.push@saj.planalto.gov.br na lista de recebimento seguro da sua caixa de entrada.

Estamos à disposição para quaisquer esclarecimentos.

Atenciosamente,
";Sistema Push
Medidas, certificação, Inmetro;"Prezado(a),

Agradecemos por entrar em contato com o Centro de Estudos Jurídicos da Presidência.

O Centro de Estudos é responsável pelo Portal da Legislação (http://www4.planalto.gov.br/legislacao), com a inserção da informação legislativa promulgada pelo Presidente da República, após publicação no Diário Oficial da União.

Nossa competência se restringe à disponibilização dos textos integrais dos atos normativos para que você possa pesquisar a legislação federal, por data, por termo/palavra-chave ou por tipo de ato  gratuitamente e on-line.

Esclarecemos que não compete ao Centro de Estudos Jurídicos da Presidência responder sobre o assunto abordado em seu e-mail e sugerimos que entre em contato diretamente com o Instituto Nacional de Metrologia, Qualidade e Tecnologia (Inmetro): https://www.gov.br/inmetro/pt-br/canais_atendimento/ouvidoria/faca-sua-manifestacao

Estamos à disposição para quaisquer esclarecimentos.

Atenciosamente,";Inmetro
Ministério do Desenvolvimento Agrário e Agricultura Familiar, MDA, Desenvolvimento agrário, reforma agrária, Plano Safra;"Prezado(a),

Agradecemos por entrar em contato com o Centro de Estudos Jurídicos da Presidência.

O Centro de Estudos é responsável pelo Portal da Legislação (http://www4.planalto.gov.br/legislacao), com a inserção da informação legislativa promulgada pelo Presidente da República, após publicação no Diário Oficial da União.

Nossa competência se restringe à disponibilização dos textos integrais dos atos normativos para que você possa pesquisar a legislação federal, por data, por termo/palavra-chave ou por tipo de ato  gratuitamente e on-line -  http://www4.planalto.gov.br/legislacao/ .

Esclarecemos que não compete ao Centro de Estudos Jurídicos da Presidência responder sobre o assunto abordado em seu e-mail e sugerimos que entre em contato diretamente com o Ministério do Desenvolvimento Agrário e Agricultura Familiar por meio do link: https://falabr.cgu.gov.br/web/home

Estamos à disposição para quaisquer esclarecimentos.

Atenciosamente,";Ministério do Desenvolvimento Agrário e Agricultura Familiar
Cursos, formação para carreiras;"Prezado(a),

Agradecemos por entrar em contato com o Centro de Estudos Jurídicos da Presidência.

O Centro de Estudos é responsável pelo Portal da Legislação (http://www4.planalto.gov.br/legislacao), com a inserção da informação legislativa promulgada pelo Presidente da República, após publicação no Diário Oficial da União.

Nossa competência se restringe à disponibilização dos textos integrais dos atos normativos para que você possa pesquisar a legislação federal, por data, por termo/palavra-chave ou por tipo de ato  gratuitamente e on-line - http://www4.planalto.gov.br/legislacao/ .

Esclarecemos que não compete ao Centro de Estudos Jurídicos da Presidência responder sobre o assunto abordado em seu e-mail e sugerimos que entre em contato diretamente com a Escola Nacional de Administração Pública - Enap por meio dos contatos indicados no site institucional - https://enap.gov.br/ - ou pelo  Fala BR: https://falabr.cgu.gov.br/publico/Manifestacao/SelecionarTipoManifestacao.aspx?ReturnUrl=%2f

Estamos à disposição para quaisquer esclarecimentos.

Atenciosamente,";ENAP
Publicação na RJP, RJP;"Prezado(a),

Agradecemos por entrar em contato com o Centro de Estudos Jurídicos da Presidência.

Informamos que sua mensagem, tendo em vista o assunto, será encaminhada para a Coordenação da Revista Jurídica da Presidência (RJP), em cópia.

Estamos à disposição para quaisquer esclarecimentos.

Atenciosamente,
";Revista Jurídica
Normas Técnicas, ABNT;"Prezado(a),

Agradecemos por entrar em contato com o Centro de Estudos Jurídicos da Presidência.

O Centro de Estudos é responsável pelo Portal da Legislação (http://www4.planalto.gov.br/legislacao), com a inserção da informação legislativa promulgada pelo Presidente da República, após publicação no Diário Oficial da União.

Nossa competência se restringe à disponibilização dos textos integrais dos atos normativos para que você possa pesquisar a legislação federal, por data, por termo/palavra-chave ou por tipo de ato  gratuitamente e on-line.

Esclarecemos que não compete ao Centro de Estudos Jurídicos da Presidência responder sobre o assunto abordado em seu e-mail e sugerimos que entre em contato diretamente com a Associação Brasileira de Normas Técnicas (ABNT): https://abnt.org.br/atendimento/

Estamos à disposição para quaisquer esclarecimentos.

Atenciosamente,

";ABNT
Correção, alteração, atualização de norma no Portal da Legislação;"Prezada Jussimara,

Segue solicitação sobre o Portal da Legislação para verificação e correção, caso julgue necessário.

Atenciosamente,
";Portal da Legislação - correção
Correção, alteração, atualização de norma no Portal da Legislação;"Prezado Edvaldo

Segue solicitação sobre o Portal da Legislação para verificação e correção, caso julgue necessário.

Atenciosamente,
";Portal da Legislação - correção
Pedidos de RSS, push, legislação temática.;"Prezado(a),

Agradecemos por entrar em contato com o Centro de Estudos Jurídicos da Presidência.

O Centro de Estudos é responsável pelo Portal da Legislação (http://www4.planalto.gov.br/legislacao), com a inserção da informação legislativa promulgada pelo Presidente da República, após publicação no Diário Oficial da União.

Esclarecemos que a Resenha Diária da Legislação Federal Brasileira poder ser consultada por meio do Portal da Legislação: https://www4.planalto.gov.br/legislacao/portal-legis/resenha-diaria, pelo Push da Legislação http://www.saj.planalto.gov.br/saj/Boletins.nsf/frmInscricaoWeb?OpenForm ou pelos stories da conta de instragam oficial do Centro de Estudos Jurídicos @cej.saj_oficial

Estamos à disposição para quaisquer esclarecimentos.

Atenciosamente,

";Resenha Diária
;"Prezado(a),

Agradecemos por entrar em contato com o Centro de Estudos Jurídicos da Presidência.

O Centro de Estudos é responsável pelo Portal da Legislação (http://www4.planalto.gov.br/legislacao), com a inserção da informação legislativa promulgada pelo Presidente da República, após publicação no Diário Oficial da União.

Nossa competência se restringe à disponibilização dos textos integrais dos atos normativos para que você possa pesquisar a legislação federal, por data, por termo/palavra-chave ou por tipo de ato  gratuitamente e on-line -  http://www4.planalto.gov.br/legislacao/ .

Esclarecemos que não compete ao Centro de Estudos Jurídicos da Presidência responder sobre o assunto abordado em seu e-mail e sugerimos que entre em contato diretamente com o Instituto Nacional de Colonização e Reforma Agrária (Incra): https://falabr.cgu.gov.br/web/home

Estamos à disposição para quaisquer esclarecimentos.

Atenciosamente,";Instituto Nacional de Colonização                            e Reforma Agrária
